seed,scenario,final_pop,yr1_aggression_propensity,yr500_aggression_propensity,disp_aggression_propensity,yr1_cooperation_propensity,yr500_cooperation_propensity,disp_cooperation_propensity,yr1_attractiveness_base,yr500_attractiveness_base,disp_attractiveness_base,yr1_status_drive,yr500_status_drive,disp_status_drive,yr1_risk_tolerance,yr500_risk_tolerance,disp_risk_tolerance,yr1_jealousy_sensitivity,yr500_jealousy_sensitivity,disp_jealousy_sensitivity,yr1_fertility_base,yr500_fertility_base,disp_fertility_base,yr1_intelligence_proxy,yr500_intelligence_proxy,disp_intelligence_proxy,yr1_longevity_genes,yr500_longevity_genes,disp_longevity_genes,yr1_disease_resistance,yr500_disease_resistance,disp_disease_resistance,yr1_physical_robustness,yr500_physical_robustness,disp_physical_robustness,yr1_pain_tolerance,yr500_pain_tolerance,disp_pain_tolerance,yr1_mental_health_baseline,yr500_mental_health_baseline,disp_mental_health_baseline,yr1_emotional_intelligence,yr500_emotional_intelligence,disp_emotional_intelligence,yr1_impulse_control,yr500_impulse_control,disp_impulse_control,yr1_novelty_seeking,yr500_novelty_seeking,disp_novelty_seeking,yr1_empathy_capacity,yr500_empathy_capacity,disp_empathy_capacity,yr1_conformity_bias,yr500_conformity_bias,disp_conformity_bias,yr1_dominance_drive,yr500_dominance_drive,disp_dominance_drive,yr1_maternal_investment,yr500_maternal_investment,disp_maternal_investment,yr1_sexual_maturation_rate,yr500_sexual_maturation_rate,disp_sexual_maturation_rate,yr1_cardiovascular_risk,yr500_cardiovascular_risk,disp_cardiovascular_risk,yr1_mental_illness_risk,yr500_mental_illness_risk,disp_mental_illness_risk,yr1_autoimmune_risk,yr500_autoimmune_risk,disp_autoimmune_risk,yr1_metabolic_risk,yr500_metabolic_risk,disp_metabolic_risk,yr1_degenerative_risk,yr500_degenerative_risk,disp_degenerative_risk,yr1_physical_strength,yr500_physical_strength,disp_physical_strength,yr1_endurance,yr500_endurance,disp_endurance,yr1_group_loyalty,yr500_group_loyalty,disp_group_loyalty,yr1_outgroup_tolerance,yr500_outgroup_tolerance,disp_outgroup_tolerance,yr1_future_orientation,yr500_future_orientation,disp_future_orientation,yr1_conscientiousness,yr500_conscientiousness,disp_conscientiousness,yr1_psychopathy_tendency,yr500_psychopathy_tendency,disp_psychopathy_tendency,yr1_anxiety_baseline,yr500_anxiety_baseline,disp_anxiety_baseline,yr1_paternal_investment_preference,yr500_paternal_investment_preference,disp_paternal_investment_preference
101,NO_INSTITUTIONS,270,0.5074120081513671,0.49796575446655633,-0.00944625368481078,0.4948491755448971,0.515724667314053,0.020875491769155874,0.498588867618573,0.5039487960611717,0.005359928442598694,0.5004257087628703,0.5228598635385983,0.022434154775727966,0.49989395426485,0.48566932705838156,-0.014224627206468443,0.5019860175418737,0.5068720633288593,0.004886045786985593,0.501931292951858,0.5316153661283296,0.029684073176471593,0.4991659853854378,0.6158675612256574,0.11670157584021962,0.49083490017436293,0.492898929313844,0.0020640291394810606,0.5055230329241142,0.5026306939063688,-0.0028923390177453268,0.49039785460942026,0.468693282344225,-0.021704572265195232,0.5015414310116041,0.46986409233725834,-0.031677338674345745,0.5033978748545433,0.5578280484630801,0.05443017360853675,0.49748087500084365,0.4878558065101433,-0.009625068490700328,0.5105097749810762,0.618987927111132,0.10847815213005585,0.5091727914526953,0.5297767006361065,0.02060390918341115,0.48959308580608646,0.4993368470632055,0.009743761257119066,0.49179173513391156,0.5266036371270767,0.03481190199316514,0.496431958702578,0.5003771915074554,0.003945232804877408,0.49904955201064216,0.473245412074641,-0.02580413993600117,0.5076270964206953,0.49376861330101746,-0.0138584831196778,0.20923124256508863,0.18374656099068606,-0.025484681574402562,0.2017509232413687,0.2423090827390881,0.040558159497719404,0.212081069722835,0.22703118878049985,0.014950119057664857,0.19644045212483313,0.2541318199843513,0.05769136785951817,0.21788192803204795,0.24524262514812825,0.0273606971160803,0.49161956939825513,0.4543030976520275,-0.03731647174622765,0.502439280289122,0.5486118792246732,0.04617259893555126,0.5006987672272007,0.53636326273247,0.03566449550526929,0.5005526943457824,0.46515901188041775,-0.03539368246536467,0.5157868832881809,0.5430486041341186,0.027261720845937698,0.510774930771545,0.5890073605282237,0.07823242975667866,0.20527648644716795,0.19995085380289834,-0.005325632644269607,0.4998295137498407,0.5284673688872826,0.028637855137441937,0.5127829385862102,0.524549176882578,0.011766238296367804
101,STRONG_STATE,874,0.5046879210792735,0.504372156583769,-0.00031576449550452246,0.4994373425353175,0.5419294378650049,0.042492095329687396,0.49707685469080737,0.48108152647812125,-0.015995328212686122,0.5011177595323761,0.50580823985886,0.004690480326483892,0.501371169184319,0.4397730991647017,-0.06159807001961731,0.505773543569429,0.5420427126007168,0.03626916903128774,0.5016378947340172,0.5293990979429208,0.02776120320890363,0.49936770235709615,0.629817813414911,0.1304501110578149,0.4942718604210413,0.5042487825819075,0.009976922160866208,0.5039545908274029,0.5338596305132496,0.02990503968584668,0.4883743897133675,0.4903455125580701,0.0019711228447025775,0.5012686086762245,0.5260366146556731,0.024768005979448615,0.5050496824206113,0.5634125255915856,0.05836284317097429,0.4988835205841582,0.5020246200152222,0.0031410994310639984,0.5090538443386414,0.6507540414747769,0.14170019713613546,0.5086962958219462,0.5600476358949911,0.05135134007304487,0.4907863927547343,0.5112831091466138,0.0204967163918795,0.49227258953309744,0.49426657154641274,0.0019939820133152986,0.49749843388904785,0.5164315792248599,0.018933145335812085,0.4996548748452011,0.5115662944978914,0.01191141965269027,0.5059037096162542,0.5151105467903976,0.00920683717414339,0.20767715640575946,0.21707528949012625,0.009398133084366794,0.20504298377785632,0.21649045014576,0.01144746636790367,0.2133015875003732,0.21050164403524718,-0.00279994346512602,0.19523410659794052,0.18571727943769012,-0.009516827160250402,0.21766627656269671,0.20675421871132757,-0.010912057851369145,0.4887142466788157,0.4654960230573223,-0.023218223621493395,0.5060240407985624,0.4976461630798566,-0.00837787771870585,0.5047931524594862,0.5217618045379965,0.016968652078510282,0.4985855624143366,0.4800917003460187,-0.01849386206831788,0.5154089935657513,0.521336533368706,0.005927539802954684,0.5062214108614873,0.53718860533783,0.030967194476342663,0.2076515034754158,0.24922985869381536,0.04157835521839956,0.497967622070161,0.5173095930898621,0.019341971019701143,0.5099149020803749,0.5553212710664434,0.045406368986068424
102,NO_INSTITUTIONS,149,0.4992566938663067,0.438553740977843,-0.060702952888463724,0.4986744689807092,0.5209595791672648,0.022285110186555546,0.5010424437471437,0.49866112663499945,-0.0023813171121442323,0.50343589989721,0.5003748602798798,-0.0030610396173302856,0.4952675012404946,0.43200997786634954,-0.06325752337414509,0.5065318587991282,0.4885061753893326,-0.0180256834097956,0.5058948573579535,0.5172238660193914,0.011329008661437934,0.5069714811486613,0.6281349854805127,0.12116350433185141,0.49274270658453073,0.5388577844925734,0.046115077908042645,0.4992452974388275,0.5323293214838988,0.03308402404507127,0.505151713473688,0.5177650154120367,0.012613301938348642,0.4943852413183088,0.4706191393292698,-0.023766101989039,0.4960504444121469,0.5394485949197714,0.04339815050762447,0.49717281741528213,0.49887815866854557,0.001705341253263437,0.5081155224006811,0.6669380433437335,0.15882252094305238,0.5071701792459496,0.5857630816337674,0.0785929023878178,0.4878089224484604,0.4675716265943592,-0.020237295854101223,0.5065438188202911,0.514600024976592,0.008056206156300871,0.5140094332213975,0.5569553527688115,0.042945919547414,0.499440710808908,0.4515702733577113,-0.04787043745119668,0.502147749010838,0.49064066936071377,-0.011507079650124263,0.20599747543683233,0.1924799442021418,-0.013517531234690544,0.20121065695804213,0.22770140586429333,0.026490748906251194,0.20792768245357693,0.2442663624014568,0.03633867994787987,0.21372025680560433,0.23494570904987075,0.02122545224426642,0.199996151605186,0.2090423353683103,0.0090461837631243,0.4759024655517313,0.487500775177236,0.011598309625504677,0.49087132578343606,0.5727893208703372,0.08191799508690112,0.5048783228762848,0.4898992870822205,-0.014979035794064233,0.496153596629753,0.5139640759673089,0.017810479337555862,0.504551080181513,0.5302573992223116,0.025706319040798675,0.5029021114688186,0.48750049627483466,-0.01540161519398392,0.21377208571395356,0.1890137850269332,-0.024758300687020368,0.5028075735261658,0.532763915756373,0.029956342230207267,0.5095536013961929,0.5285091560384783,0.018955554642285377
102,STRONG_STATE,662,0.49800700396181,0.4702561497586492,-0.027750854203160813,0.5010080201673863,0.5050097295677091,0.004001709400322739,0.4990801290985858,0.49963935725771885,0.0005592281591330628,0.5050086261416112,0.5114921827327691,0.006483556591157846,0.4914433569551612,0.4708703317584343,-0.020573025196726935,0.5087663516927033,0.5009102049474087,-0.007856146745294668,0.5038041074575236,0.5317991760100342,0.02799506855251066,0.5086160596927581,0.6045728526207913,0.09595679292803316,0.49432927481908306,0.48917104346546614,-0.005158231353616927,0.4985791464775424,0.516530229088936,0.017951082611393554,0.5069755688916368,0.5098583542072108,0.0028827853155740657,0.49443635901866734,0.4680027246461091,-0.026433634372558246,0.4968673238337798,0.5459884032398366,0.049121079406056756,0.4985112554234616,0.4563787763805627,-0.04213247904289891,0.5057843384789716,0.5901874142975909,0.08440307581861928,0.5057247699817649,0.525354681349187,0.019629911367422093,0.49315457048211014,0.48765950447387024,-0.005495066008239902,0.5078832118630091,0.5334048627167535,0.02552165085374436,0.5130043840391632,0.5012408523412034,-0.01176353169795974,0.4984846654453268,0.49577898429599193,-0.002705681149334893,0.49860369730105714,0.49069145109044204,-0.007912246210615093,0.20590793079050057,0.22200388554774336,0.016095954757242792,0.20148803926299094,0.20767019987375293,0.006182160610761989,0.21076229854953638,0.1788584308908502,-0.031903867658686164,0.21385057791853673,0.23350688251128895,0.019656304592752222,0.20029787821454328,0.20378403631139763,0.003486158096854347,0.47809683788978435,0.4799117193217169,0.0018148814319325357,0.48986092765171374,0.5051121681893593,0.015251240537645594,0.5058677566816813,0.45829067213592833,-0.047577084545752935,0.4943019066882336,0.49019789422293203,-0.004104012465301565,0.5043651157437891,0.5061702137544435,0.0018050980106544268,0.5021489554948073,0.5130829662983754,0.01093401080356804,0.20937275453220536,0.20568815072255647,-0.0036846038096488842,0.5018499260427774,0.5066845344695562,0.0048346084267787415,0.5125655216086364,0.5360444156357314,0.02347889402709491
103,NO_INSTITUTIONS,533,0.5022423782542874,0.4665278829796337,-0.0357144952746537,0.5042093363370435,0.48946703709713274,-0.014742299239910717,0.5150308625125032,0.5137205170819854,-0.0013103454305177786,0.48818857724456133,0.4902302534554637,0.002041676210902399,0.5028161970637943,0.487410210474226,-0.015405986589568321,0.500357390219257,0.49384995962352146,-0.006507430595735497,0.49970900927811773,0.5196754398472482,0.019966430569130444,0.4922330085784395,0.6739349626862046,0.18170195410776507,0.49824038285304706,0.47385082623099517,-0.02438955662205189,0.49338423422161115,0.4878224939620213,-0.005561740259589831,0.509605214193597,0.4940331994811856,-0.01557201471241132,0.4962068169783716,0.5172906658783409,0.021083848899969337,0.4983838702882883,0.5485942022023608,0.05021033191407248,0.5106185152982038,0.5102052708967459,-0.00041324440145784624,0.5050842255439356,0.6587114244399184,0.15362719889598275,0.5062454594654531,0.5795251155396747,0.0732796560742216,0.498696352615278,0.5060400658356117,0.00734371322033367,0.491372232343177,0.4684329236703826,-0.022939308672794423,0.4942103629679517,0.5208971446562771,0.026686781688325445,0.5005859189063028,0.5279012241213663,0.027315305215063534,0.5075619836831671,0.5416633969895963,0.03410141330642924,0.21738601853399728,0.25126970661443276,0.03388368808043549,0.20767917393601942,0.22297664459319336,0.015297470657173934,0.20754573953421285,0.24409326848673413,0.03654752895252128,0.1990955537615508,0.19011275938506159,-0.008982794376489217,0.20479648423118085,0.20031336023953972,-0.004483123991641136,0.5174368220813832,0.5386214070156777,0.021184584934294537,0.5074431292646792,0.5387041917763037,0.03126106251162453,0.5017631018342209,0.46844065542977625,-0.03332244640444465,0.5048512127361641,0.46591136188160476,-0.03893985085455931,0.49955298380563945,0.5144128994298427,0.014859915624203246,0.4987152813440987,0.5273378648893172,0.028622583545218516,0.2093450319080846,0.19307017937468596,-0.016274852533398637,0.49885706600895846,0.45928516989513946,-0.039571896113819005,0.49797029150331806,0.48927843741372923,-0.008691854089588835
103,STRONG_STATE,922,0.5022022445016933,0.4504355221792595,-0.05176672232243379,0.5046578792896116,0.4476361215633408,-0.05702175772627077,0.5105273783063472,0.4881327457792829,-0.022394632527064307,0.48677413860217333,0.4402857001476627,-0.04648843845451062,0.501707840653928,0.4528364169915636,-0.048871423662364466,0.5033086009181443,0.5207642067185174,0.017455605800373086,0.5005150444123233,0.4620892711754635,-0.038425773236859806,0.4916552806578066,0.5847282617038719,0.09307298104606532,0.4982105963652201,0.4984002616045024,0.0001896652392823217,0.48923724138712466,0.5001296818271119,0.010892440439987272,0.5069867657347487,0.526756579777027,0.01976981404227829,0.49648318647420836,0.5145096264796141,0.01802644000540571,0.5005507439939764,0.5519049575962872,0.05135421360231085,0.5107688919567333,0.5220058619353454,0.011236969978612121,0.5045282106936975,0.6251596344920989,0.12063142379840142,0.5058907114794858,0.5760263358035698,0.07013562432408393,0.5006418142390122,0.5038087811311793,0.0031669668921671112,0.4906310491587492,0.4541132596284905,-0.03651778953025875,0.4952736791122763,0.45943827053721376,-0.035835408575062566,0.5006677170887559,0.4620730121495878,-0.03859470493916811,0.5102286330230986,0.5458808173690075,0.03565218434590889,0.21814232099847708,0.24124727530287118,0.023104954304394104,0.20771167887800077,0.1996682479880931,-0.008043430889907666,0.20615156866664464,0.25896139053621464,0.052809821869570006,0.20193465862333862,0.20907556616434564,0.007140907541007019,0.20310823146589582,0.24878125612378385,0.04567302465788803,0.5168511283211525,0.5122084256676969,-0.004642702653455677,0.5073638431189292,0.4911750914709709,-0.016188751647958355,0.5055742751126983,0.49525535152055244,-0.010318923592145812,0.506818026013791,0.515569337879562,0.00875131186577105,0.4992344445404205,0.5046744807747211,0.005440036234300616,0.4965861191259391,0.533468969666499,0.03688285054055995,0.2111029480162641,0.21729644531804285,0.006193497301778733,0.5004814696133184,0.47890193117032315,-0.02157953844299526,0.49575497050453,0.5187917767490313,0.02303680624450133
104,NO_INSTITUTIONS,405,0.49970227002694195,0.4340648826987219,-0.06563738732822005,0.49839341275182997,0.5329907300365878,0.034597317284757845,0.5114404181304032,0.5125790447179479,0.001138626587544711,0.5016634523136977,0.4902533394737083,-0.011410112839989384,0.5000815288156827,0.4469261173462789,-0.05315541146940378,0.4950191376830367,0.4376522240143529,-0.057366913668683794,0.4987154294557663,0.48348045039412274,-0.015234979061643561,0.4979945296169069,0.6432899679471497,0.14529543833024278,0.48816867126332497,0.4899640489481611,0.0017953776848361191,0.49753552724247263,0.5200302977173733,0.02249477047490067,0.5165719173498533,0.5493296154496085,0.03275769809975515,0.5118836896911386,0.4799682467929064,-0.03191544289823223,0.4881736551473317,0.5279152516355726,0.03974159648824094,0.5051484614743299,0.4915247260595668,-0.013623735414763083,0.5041702208080401,0.6247143471961488,0.12054412638810874,0.4962332264418446,0.5133513422734615,0.017118115831616876,0.48836979132639236,0.505143122493303,0.0167733311669106,0.49790884252112416,0.5356440296644875,0.03773518714336338,0.5047732836430053,0.5390110665450738,0.03423778290206847,0.4945147421028639,0.4734145907744719,-0.02110015132839199,0.5039747991784173,0.4873472529158747,-0.016627546262542536,0.20186551426015883,0.21677686682441036,0.014911352564251523,0.2062830864380751,0.18376619298840824,-0.02251689344966687,0.21468494061469828,0.1808454079129932,-0.03383953270170509,0.1932067092125121,0.1893511305775791,-0.0038555786349329935,0.2083469923722852,0.194177929691994,-0.014169062680291222,0.508932982446115,0.4989286172413963,-0.010004365204718646,0.4980317314182332,0.47908464340816753,-0.01894708801006567,0.5057140090620188,0.5119859184426597,0.006271909380640928,0.5021939639983849,0.49186269384900544,-0.010331270149379457,0.5034133218011383,0.5346417835761966,0.031228461775058336,0.5058378292690029,0.5500573659408221,0.044219536671819215,0.22189715632495294,0.2455565449372256,0.023659388612272653,0.5101759868323508,0.5396757009021663,0.029499714069815552,0.4928530367612181,0.5160892682572296,0.02323623149601145
104,STRONG_STATE,904,0.5010031122939449,0.46881208914757805,-0.03219102314636685,0.4961390615654911,0.49466659466506574,-0.001472466900425351,0.5128016042389664,0.49708383046652166,-0.01571777377244471,0.5027565162941399,0.5031512465818956,0.00039473028775571795,0.501851719827262,0.44929777006722355,-0.05255394976003841,0.49977444292602907,0.5063996507569082,0.00662520783087911,0.4967721692372504,0.5347642423979048,0.03799207316065434,0.49715552480641945,0.6180277330865638,0.12087220828014433,0.49069155610647175,0.488057797368625,-0.0026337587378467697,0.49727936966607383,0.5088166565449105,0.01153728687883665,0.5137844648090152,0.5009359912224172,-0.01284847358659802,0.5104611784018762,0.5237124093460948,0.01325123094421854,0.4883002836439892,0.4963142533920361,0.008013969748046912,0.5027148477282742,0.5425230021042162,0.039808154375941984,0.5033711545318617,0.5987326374975753,0.09536148296571367,0.4956193350248244,0.5317713586589405,0.036152023634116126,0.48504717280146653,0.43747577830450546,-0.04757139449696107,0.500836254168374,0.48814585238270936,-0.012690401785664607,0.5051356382511848,0.5065061434374288,0.001370505186244042,0.4945332659411025,0.47401019572047215,-0.020523070220630324,0.5047709507570945,0.5347451255908042,0.029974174833709677,0.20353660978887186,0.21228872799515916,0.008752118206287296,0.20759478923849797,0.1858155288340809,-0.021779260404417078,0.21393233187865543,0.209258554832479,-0.004673777046176442,0.19563816393270025,0.2368874318272775,0.04124926789457725,0.2041696084887344,0.22147015920697966,0.017300550718245267,0.5035733126618008,0.5218403809924033,0.018267068330602432,0.4978685569002522,0.4997949076321096,0.0019263507318573736,0.5038110229734909,0.4820345285761172,-0.02177649439737367,0.49712720603690963,0.4888485723051261,-0.008278633731783558,0.5004262509331343,0.5213087474975496,0.02088249656441532,0.5063467723318595,0.5070015296910476,0.000654757359188074,0.22250470130433397,0.19772216698684245,-0.024782534317491528,0.5085074335423303,0.5056171781623011,-0.002890255380029183,0.4910082408798314,0.4823032630314967,-0.008704977848334738
105,NO_INSTITUTIONS,705,0.5087111642226648,0.4635967758651475,-0.0451143883575173,0.49844506334234495,0.5043920947105448,0.005947031368199851,0.5036964858319707,0.5043506376401145,0.0006541518081437658,0.4955316656321244,0.4982188289176519,0.002687163285527483,0.488986173108133,0.45654739511441517,-0.03243877799371786,0.5045659021377401,0.5199158903666484,0.015349988228908318,0.4969619892926261,0.5019663790891027,0.005004389796476605,0.5017568262951398,0.6037756259733803,0.10201879967824046,0.5071043013002913,0.4685257495632109,-0.03857855173708036,0.5091072235824116,0.5400924369764556,0.03098521339404403,0.4912903114818104,0.5053302366905587,0.01403992520874825,0.49401019023248355,0.47277359379644557,-0.02123659643603798,0.49681089338803863,0.5813611839634767,0.08455029057543806,0.4941763075321222,0.4587388153386083,-0.03543749219351394,0.4887596986468511,0.6383617207627262,0.14960202211587514,0.49202998072358156,0.5424462539702605,0.05041627324667891,0.48641002952265294,0.5176026150253367,0.031192585502683723,0.5101449728916541,0.4886079986482371,-0.02153697424341694,0.5019759329286339,0.5035944241057145,0.0016184911770806831,0.48490857278643873,0.48048990215128917,-0.0044186706351495575,0.5122579021159902,0.5331904320744572,0.02093252995846695,0.20761417681649968,0.19643551393968836,-0.011178662876811324,0.22621697173330574,0.23313585299562256,0.006918881262316823,0.20790672088506984,0.15801914710533632,-0.04988757377973352,0.2120552916887586,0.2574127376195099,0.04535744593075128,0.2091069321279592,0.22502312544337666,0.015916193315417465,0.49605497837301576,0.5136448929686463,0.017589914595630585,0.5022358469145684,0.5154952519966238,0.013259405082055475,0.5033047466586371,0.5502161270209588,0.046911380362321675,0.49406374604326925,0.5170509392285666,0.02298719318529735,0.501558286066143,0.5162113812940544,0.014653095227911361,0.4880588299385461,0.5372431843306664,0.04918435439212032,0.21110518281162186,0.20322152107732763,-0.007883661734294223,0.512103327398784,0.539237466446807,0.027134139048023087,0.4885046400646687,0.5221853975975637,0.033680757532894956
105,STRONG_STATE,686,0.5093024459149982,0.47256958083834283,-0.03673286507665535,0.4980007964212371,0.5066334076423535,0.008632611221116415,0.5041774130429542,0.49768093071916086,-0.006496482323793296,0.4962652780636977,0.4844588627655646,-0.011806415298133088,0.48963840316882973,0.45913054338476933,-0.030507859784060398,0.5058964724248909,0.5161296140111615,0.010233141586270644,0.49361873700568887,0.5166389646278239,0.023020227622135014,0.5019098009285696,0.570248058247436,0.06833825731886634,0.5067576966477885,0.5196979531937201,0.012940256545931672,0.5083267670918439,0.5264205705864343,0.018093803494590444,0.48946095501550413,0.4509097967032424,-0.038551158312261746,0.49177709017323884,0.5140510878243157,0.022273997651076904,0.49841082583565843,0.5329218628904073,0.034511037054748894,0.4967984052039616,0.4548685466286623,-0.04192985857529935,0.48983047277535907,0.6166750936851814,0.1268446209098223,0.4957259574139325,0.5038547925671346,0.008128835153202119,0.47997613230340713,0.46005876743346874,-0.019917364869938392,0.5101741318463715,0.5015331561510202,-0.008640975695351272,0.5008737626379386,0.5108894780133518,0.010015715375413237,0.4832351880585494,0.5044345665085596,0.02119937845001013,0.5101256941222192,0.49109171762886666,-0.019033976493352533,0.20840564369729492,0.20841148671290471,5.843015609796609e-06,0.2237883383161664,0.2316062046233951,0.007817866307228694,0.2087126033376246,0.22525294429718434,0.01654034095955975,0.21315539847826584,0.192317044952195,-0.02083835352607083,0.21150204490057614,0.2332941232652577,0.021792078364681555,0.4898213576407989,0.5207336033765496,0.030912245735750687,0.4961124295847652,0.5306632464516612,0.034550816866895984,0.5033933198225823,0.522680776272833,0.01928745645025076,0.49464964995645444,0.48163988042940403,-0.013009769527050408,0.5003141788696694,0.5353239899319959,0.03500981106232648,0.49177529669048264,0.4913962578283944,-0.00037903886208823234,0.21523354676983464,0.19675325179538622,-0.01848029497444842,0.5116199206012297,0.5169154903460347,0.00529556974480494,0.4912717242550024,0.4732518631677293,-0.018019861087273048
106,NO_INSTITUTIONS,889,0.4950491639616096,0.4689450934525721,-0.026104070509037458,0.5130925636633095,0.5739636930111296,0.06087112934782013,0.49225709550390007,0.5143708762791762,0.02211378077527615,0.4999347333278292,0.4687222145311189,-0.031212518796710276,0.4982285961085254,0.45797325402159456,-0.04025534208693082,0.5017234563219776,0.49203968970324147,-0.0096837666187361,0.4860138536525067,0.49675840125118975,0.01074454759868304,0.49999242709850616,0.6549042053046995,0.15491177820619334,0.4975753385139892,0.5327419003181356,0.0351665618041464,0.4897868887736285,0.5396629702975446,0.049876081523916094,0.4969400324034895,0.5173975921940439,0.020457559790554414,0.49331366389251446,0.48980642153023707,-0.0035072423622773963,0.5014032607988471,0.5637186102605596,0.062315349461712466,0.49292619769389984,0.5093430582595585,0.016416860565658664,0.5009708995374869,0.6472809876052283,0.14631008806774148,0.4887276857852165,0.5418079743034037,0.053080288518187135,0.5180257910485833,0.549922736986252,0.031896945937668786,0.5089517395170171,0.5023955281755907,-0.006556211341426366,0.498450664409041,0.5011606299878711,0.0027099655788301313,0.5026155252212902,0.5183003383115905,0.015684813090300342,0.49840173628180107,0.4844844000658272,-0.013917336215973852,0.2074113848079666,0.23689706630653826,0.02948568149857167,0.21167841813150157,0.22863499106841834,0.01695657293691677,0.19934438001587834,0.211821171405007,0.01247679138912866,0.21812947791967682,0.23956350189042724,0.02143402397075042,0.20652802870548492,0.20425443055446293,-0.0022735981510219883,0.49872954695331073,0.5238888098446859,0.025159262891375156,0.4937829564756141,0.48596396663838587,-0.00781898983722823,0.5091558211140286,0.5082822720242589,-0.0008735490897696652,0.5024375213653485,0.48841185402746917,-0.0140256673378793,0.5069661326198444,0.535017312340382,0.02805117972053761,0.5077869092426562,0.49394319388472097,-0.013843715357935271,0.18900619307075317,0.1751344099594249,-0.013871783111328279,0.5001534934128544,0.44383122006801157,-0.056322273344842855,0.5025700018346821,0.4876934150389042,-0.014876586795777968
106,STRONG_STATE,662,0.4962024825286085,0.4688974441592616,-0.02730503836934689,0.5126588029764849,0.5438921072677861,0.031233304291301223,0.4914256555110107,0.48053578530500274,-0.010889870206007957,0.5000939824625947,0.5277948562248855,0.0277008737622908,0.4969468871224638,0.4577370396840735,-0.039209847438390344,0.5047686967860889,0.4804517153286073,-0.024316981457481623,0.4890870162549668,0.49679335050609286,0.007706334251126046,0.4993075380235961,0.5641774828742389,0.06486994485064274,0.49599257579703515,0.47111265804804076,-0.024879917748994396,0.49199578755237533,0.5257909628504523,0.03379517529807702,0.49951796701838463,0.5221455753111477,0.022627608292763057,0.4983119958535795,0.5199332151727458,0.02162121931916633,0.5018645338956093,0.5475787406707038,0.045714206775094524,0.4946959016953017,0.4936546122430469,-0.00104128945225479,0.4994914225259361,0.6464229730675619,0.14693155054162582,0.4874252023571566,0.5157376620551527,0.028312459697996117,0.5189831322768292,0.5354739623056299,0.016490830028800696,0.5098787502691157,0.5297260112026052,0.01984726093348954,0.49697710738632733,0.5034025494349553,0.006425442048627994,0.5029792035386461,0.4585923375661766,-0.04438686597246949,0.49943956524375677,0.4930400652922201,-0.006399499951536658,0.2045038498842105,0.22151514746809542,0.01701129758388492,0.212937406304162,0.2008519324012284,-0.012085473902933602,0.198443735123808,0.18995107970208713,-0.008492655421720868,0.21913487405907803,0.23819080440266385,0.019055930343585825,0.2080978407998455,0.2401848932426404,0.03208705244279489,0.5010064634425492,0.4747959796354012,-0.026210483807147966,0.49594327094508084,0.5114131471867095,0.015469876241628655,0.5076440254686286,0.5295095516083592,0.021865526139730584,0.4988111119881911,0.49688467579855483,-0.0019264361896362825,0.5082901250628991,0.5424508949927033,0.03416076992980421,0.510355019497936,0.5470914992129459,0.03673647971500982,0.18788739238388694,0.21014256238778758,0.02225517000390065,0.4974723729626906,0.5071022368936365,0.009629863930945948,0.5013004859275249,0.4759199615690666,-0.02538052435845828
107,NO_INSTITUTIONS,86,0.5110973203053544,0.43061101436536403,-0.08048630593999034,0.4945924448877427,0.5086581523353282,0.014065707447585507,0.4921757851042521,0.5082466364585266,0.01607085135427455,0.5044051567503999,0.49919598010205934,-0.00520917664834053,0.5084165486074924,0.412668858292461,-0.09574769031503139,0.4985230544952802,0.48085089663146263,-0.017672157863817595,0.49011590954130946,0.5001067850382227,0.009990875496913243,0.502355462927813,0.6384313165398496,0.13607585361203667,0.4927118683203534,0.49966503443693405,0.006953166116580645,0.5005041201819304,0.5208254385507026,0.020321318368772268,0.501160972906435,0.4631839058702796,-0.03797706703615544,0.5076602231202806,0.5071417753574944,-0.0005184477627862005,0.48461844512817925,0.5391782318969505,0.05455978676877121,0.5002368474920658,0.5312438209314826,0.03100697343941683,0.4896112888259484,0.6323394939999286,0.14272820517398022,0.503514690293783,0.5542177299160751,0.050703039622292057,0.48909547843362394,0.4567311406746335,-0.03236433775899045,0.4942041225320425,0.5210670758417346,0.026862953309692128,0.4995009936607943,0.49362151665700693,-0.005879477003787381,0.5024744574054841,0.48361495692110895,-0.01885950048437518,0.5047287170051509,0.517158064573276,0.012429347568125082,0.20408700202285934,0.19311383507188412,-0.010973166950975222,0.2038732385023454,0.21554218427901348,0.011668945776668077,0.20813574488636505,0.1991542262209645,-0.008981518665400562,0.20801189951129329,0.2535032278524796,0.0454913283411863,0.2141138801358546,0.20084309193916114,-0.013270788196693473,0.5021486938783645,0.5156665705851375,0.013517876706773069,0.5013185612203573,0.4999875559666796,-0.0013310052536777417,0.4989653264303413,0.5097839471535961,0.01081862072325479,0.5047236580981713,0.5135213431760756,0.008797685077904238,0.49737291378692866,0.5162481518868255,0.01887523809989683,0.49188909132911995,0.5102593082240819,0.018370216894961988,0.21564727803306688,0.2427443846473432,0.027097106614276306,0.5065217743333252,0.5148175191583014,0.008295744824976192,0.48921955583711757,0.5122441617894885,0.023024605952370936
107,STRONG_STATE,542,0.5080489051686474,0.49227616147535075,-0.015772743693296676,0.49864723710884407,0.5505054408587466,0.051858203749902576,0.4927063116194489,0.5129224394471169,0.020216127827668018,0.5031280790084548,0.49459603536990876,-0.008532043638546039,0.505459509333901,0.4944276603841455,-0.011031848949755563,0.5038020739008869,0.47787722373299507,-0.025924850167891866,0.4930614591568789,0.5417376879201108,0.04867622876323191,0.5018972603994749,0.5993988298611358,0.09750156946166089,0.49376524573027436,0.5024310168960896,0.00866577116581524,0.4997226178980363,0.5134800432297065,0.013757425331670237,0.497190176885481,0.5164476331280645,0.019257456242583515,0.5050633019868631,0.5313504683784109,0.026287166391547823,0.486128300912202,0.4727514629814097,-0.013376837930792307,0.5003131809567029,0.46218095597382103,-0.038132224982881824,0.4938149303449302,0.5970694412419686,0.10325451089703841,0.5047803085311475,0.503071320672148,-0.0017089878589995333,0.48887690910667264,0.5009284422415113,0.012051533134838699,0.4980484100868686,0.49623606810760656,-0.0018123419792620554,0.4967895383008996,0.5196329230321873,0.02284338473128772,0.5029940386193393,0.4662883840659343,-0.03670565455340502,0.5058297502099885,0.49996757618131527,-0.005862174028673284,0.2032026307062896,0.1877986982767343,-0.015403932429555317,0.20476907755926074,0.2159157253069199,0.011146647747659166,0.2099237500064432,0.2307109118870819,0.0207871618806387,0.2050376000448661,0.2228529328447193,0.0178153327998532,0.2163332748308944,0.20068159434687446,-0.015651680484019936,0.5001961526533972,0.47969040967633475,-0.02050574297706248,0.5048814310564592,0.5557992019885524,0.050917770932093154,0.4999050324368169,0.5063910375446794,0.006486005107862514,0.5032493567431786,0.5037261739130381,0.0004768171698594781,0.4964567609223947,0.5196018412745126,0.023145080352117875,0.4952391254485765,0.5690716234178461,0.0738324979692696,0.2124230274261868,0.21764722847508192,0.005224201048895122,0.5058341287962943,0.49495512013423104,-0.010879008662063261,0.490883875417082,0.5198970496683749,0.029013174251292906
108,NO_INSTITUTIONS,284,0.48749247346377916,0.4516796347550892,-0.035812838708689954,0.4932162183726085,0.5402562658695523,0.04704004749694385,0.4954461082507322,0.48897440074048126,-0.006471707510250946,0.49692790134214376,0.47754854564439425,-0.019379355697749512,0.4992253371241578,0.4895701623491847,-0.009655174774973074,0.4976377394740077,0.5109692505711669,0.013331511097159243,0.5085255876318395,0.5627557884137466,0.0542302007819071,0.5023008379410457,0.6079996730059654,0.10569883506491962,0.4948381004726238,0.46806422067414777,-0.026773879798476008,0.5033286956170886,0.5405785168030038,0.037249821185915244,0.493344600975759,0.5348027016321355,0.041458100656376506,0.4976778371396547,0.5127235143400868,0.015045677200432095,0.5032887813739295,0.5306979601032744,0.027409178729344896,0.5005835534565269,0.49154730961737014,-0.009036243839156799,0.5126265357733727,0.6551856870555257,0.14255915128215302,0.49660153536164936,0.5031712396735004,0.0065697043118510545,0.5063277769689133,0.5092413900226886,0.0029136130537753546,0.4962602517677771,0.49339131005293235,-0.0028689417148447527,0.5009921369979046,0.5353497950344553,0.034357658036550776,0.5086516747041779,0.46513188475279593,-0.043519789951382004,0.5104222733481478,0.5152248164220418,0.004802543073893939,0.20665649623237586,0.2320911410542646,0.02543464482188873,0.20283267230623567,0.19990238436082228,-0.00293028794541339,0.20678159410333136,0.21606183175813679,0.009280237654805429,0.20649629464521074,0.22015847703483643,0.013662182389625688,0.20184918292186604,0.19791471517843812,-0.003934467743427927,0.48417879414488163,0.5022214361989616,0.018042642054080016,0.4953304015369566,0.4822912003791101,-0.013039201157846514,0.49951011935692385,0.44652130764536835,-0.052988811711555506,0.5005110247434944,0.4960297860333377,-0.00448123871015671,0.5073864418445448,0.539963557792829,0.03257711594828416,0.5031370936289006,0.5070206495644541,0.003883555935553562,0.21063583372492747,0.23857320642862875,0.02793737270370128,0.4961749973812313,0.49847942433133674,0.002304426950105465,0.5030693174915887,0.49966332716256107,-0.0034059903290276083
108,STRONG_STATE,949,0.48754729581767886,0.4544750814590659,-0.03307221435861296,0.4945999543001424,0.4934919041897897,-0.0011080501103526985,0.4979197237939183,0.46876215575358837,-0.02915756804032993,0.4969765062963022,0.5152432044484816,0.018266698152179406,0.49943724446444815,0.46544967908730944,-0.033987565377138707,0.4943322392777577,0.4856516491822451,-0.008680590095512586,0.5065796304955688,0.5256117710677757,0.019032140572206924,0.49730618399225635,0.6374008581587968,0.14009467416654042,0.49480270387497316,0.5128286535726143,0.018025949697641153,0.49980174637231917,0.5221342683758643,0.02233252200354513,0.49350178383071824,0.4764841486694516,-0.017017635161266642,0.49859918058132363,0.5081932982436602,0.009594117662336588,0.5005748213903127,0.5530142110212237,0.05243938963091099,0.5008136391105553,0.47751309491076,-0.023300544199795326,0.5115573291975551,0.6480801822860882,0.13652285308853307,0.4926813145583004,0.5133030831998111,0.020621768641510718,0.5069961911573326,0.537389187180192,0.030392996022859387,0.49448676503947286,0.5371810639973261,0.04269429895785326,0.5039209818975723,0.5016760355908598,-0.0022449463067124587,0.5059895387153996,0.5353586906166486,0.029369151901249002,0.5090071433789861,0.5069654478573091,-0.0020416955216769894,0.20500946184340718,0.20972798482801816,0.004718522984610979,0.20167046989222712,0.18107224192530047,-0.020598227966926647,0.20573465374664207,0.22285473000307102,0.017120076256428945,0.2066309092343145,0.2370436243017839,0.030412715067469398,0.20424100595911393,0.1896641802436181,-0.014576825715495817,0.4816774211561738,0.4870630285432054,0.005385607387031588,0.49468928123816375,0.48710282738934746,-0.007586453848816288,0.4991077512161778,0.5259129660642843,0.026805214848106496,0.4989088266730816,0.4633730689722157,-0.03553575770086592,0.5081777150974697,0.46616239860135233,-0.04201531649611734,0.5022065444281307,0.495441524026109,-0.006765020402021704,0.21168222518023344,0.1952286030555643,-0.016453622124669137,0.4954494628643743,0.5398975556692727,0.044448092804898365,0.4997045607333639,0.4974887100488269,-0.002215850684537002
109,NO_INSTITUTIONS,1196,0.5067999341801456,0.4388635021319563,-0.06793643204818928,0.5004323859565218,0.5373789429482959,0.03694655699177407,0.48966999248538506,0.4942656303602366,0.00459563787485151,0.5130651162781302,0.5238035526326813,0.010738436354551073,0.5022546328980867,0.5052854773551888,0.003030844457102111,0.5100832963389325,0.5017211275150462,-0.008362168823886296,0.49686522055904775,0.5486287696171394,0.05176354905809161,0.5126962235281558,0.6393795572386374,0.12668333371048157,0.5038025358106648,0.4860576999037801,-0.017744835906884693,0.4917478711614518,0.5387882569457616,0.0470403857843098,0.5077979278653539,0.48033031091573175,-0.027467616949622187,0.5011313374472304,0.4914643643894014,-0.009666973057828987,0.5087546484147155,0.5278010389034243,0.01904639048870882,0.4990200139834861,0.496756466648712,-0.0022635473347741297,0.5066478540075263,0.6365310614147929,0.12988320740726655,0.5007975235168339,0.5403452217716119,0.039547698254777996,0.4974858797500445,0.47150170563011423,-0.02598417411993026,0.4993916360509456,0.5015615020333147,0.0021698659823691235,0.5021121664834896,0.5209448197933706,0.018832653309881042,0.5015096591435587,0.48433157618723754,-0.017178082956321172,0.4994520783472032,0.48358913618495897,-0.01586294216224421,0.20919335790567167,0.22332469750589898,0.014131339600227305,0.19695299153673398,0.20661512887584943,0.009662137339115445,0.20342975513774858,0.18650377781947852,-0.016925977318270058,0.21156520956518907,0.19412356890724777,-0.017441640657941293,0.20254662243763927,0.20130277866250218,-0.0012438437751370879,0.5129521138038228,0.5283616942407445,0.015409580436921755,0.5020174451513011,0.4901990080091474,-0.011818437142153693,0.4952118956914109,0.4797885901688646,-0.015423305522546282,0.5071053279464512,0.535200428652307,0.028095100705855747,0.5050521276827225,0.5352081026671933,0.030155974984470868,0.5015607098135122,0.5339639443388533,0.03240323452534111,0.21111639145641162,0.22486684073698276,0.013750449280571148,0.5003954264741896,0.549704071052858,0.04930864457866846,0.4885235015427714,0.4842961249516934,-0.004227376591078025
109,STRONG_STATE,1033,0.5048079123536356,0.4197475908501692,-0.08506032150346643,0.5002041448219633,0.5214075994485753,0.021203454626611995,0.49016222642497576,0.48228612530551135,-0.007876101119464407,0.5112080399885119,0.5340298022827746,0.022821762294262693,0.5044422499784879,0.45749454437064785,-0.04694770560784001,0.512192926106513,0.5039460070986567,-0.008246919007856346,0.49794955985684736,0.5277664101019199,0.02981685024507258,0.5113294045730781,0.6095160110843832,0.09818660651130517,0.5035788711151735,0.4751759695757343,-0.028402901539439196,0.48585556851056977,0.5263002106723624,0.040444642161792665,0.5070416058596142,0.5342559856764252,0.027214379816810963,0.5034430585775383,0.4984910654230815,-0.004951993154456824,0.5056905635807128,0.6007884566677933,0.0950978930870805,0.5001642714198611,0.5116321804472385,0.011467909027377376,0.505918150970225,0.6001892438936411,0.09427109292341618,0.5013880350647145,0.49826902213385127,-0.003119012930863252,0.49834045804727534,0.5123963741996873,0.014055916152411974,0.4998730401893273,0.5054586823943307,0.005585642205003349,0.5031267377740971,0.5143301301308159,0.011203392356718744,0.5017611618454234,0.47644139906429106,-0.02531976278113235,0.49755518172368424,0.517822579458554,0.020267397734869796,0.20734095633621458,0.1840596663762032,-0.023281289960011387,0.19569173491731823,0.16996940969345886,-0.025722325223859366,0.20368896197316008,0.2004718946013632,-0.003217067371796889,0.2139755716623974,0.21304805904583052,-0.0009275126165668723,0.20597857064219263,0.21013320101258984,0.004154630370397205,0.510139579608402,0.5244668159190875,0.014327236310685554,0.5042538017081566,0.5389455123249031,0.034691710616746474,0.4946377545232217,0.4916601095845829,-0.0029776449386387793,0.5063772148355096,0.5189862965035286,0.012609081668018995,0.5037198224913327,0.4964882420424806,-0.007231580448852137,0.500251423510861,0.5143314450350321,0.014080021524171094,0.21214199291928648,0.19786163118279726,-0.014280361736489222,0.49843261660115734,0.4942823683218538,-0.004150248279303548,0.49280602485870917,0.46173965953570784,-0.031066365323001333
110,NO_INSTITUTIONS,461,0.5008025489097957,0.5074387269077695,0.00663617799797378,0.5056272787750169,0.5629469042774293,0.05731962550241243,0.5018651409636258,0.48541560809528694,-0.016449532868338834,0.5018609978246976,0.5054808645363557,0.0036198667116580374,0.5003216042666175,0.4598625953483368,-0.04045900891828075,0.5089933165735271,0.49695902028947164,-0.012034296284055446,0.4990623863690243,0.5027250095871162,0.0036626232180919094,0.5013254204996472,0.6395980502141061,0.13827262971445886,0.5059183371618633,0.5066300860621644,0.0007117489003011235,0.5022150306895353,0.5065605795611692,0.004345548871633853,0.4896149711520784,0.4658595959123264,-0.02375537523975202,0.5031701181649486,0.5085699538773973,0.005399835712448731,0.4867820260597837,0.5385545075449265,0.051772481485142796,0.5026957772550086,0.5157511753893919,0.013055398134383278,0.5028673823451542,0.6457341396335405,0.14286675728838638,0.48890004947417043,0.5406407924443611,0.05174074297019071,0.4944446489590323,0.497332915927558,0.0028882669685257323,0.49105628357497405,0.493201517675171,0.0021452341001969577,0.5027570730060842,0.5127575129181948,0.010000439912110637,0.5015748471137192,0.5008030819191576,-0.0007717651945616799,0.4890088962550763,0.47560258515364606,-0.013406311101430257,0.2041196735356113,0.24856351460159626,0.04444384106598495,0.2134593948101273,0.20882619346555206,-0.004633201344575233,0.1979762088480513,0.20141791724091943,0.0034417083928681147,0.20623683481770375,0.19201843999468404,-0.014218394823019703,0.20034388542319922,0.18993431135745165,-0.010409574065747579,0.49570083315417285,0.5242428458129201,0.028542012658747284,0.4994627045614073,0.4935563496314031,-0.005906354930004187,0.49853510775319015,0.5225779713192531,0.024042863566062944,0.4962077365806011,0.4942928752674769,-0.0019148613131241832,0.498191983756428,0.5103423750535581,0.012150391297130081,0.5118800285898514,0.5673354010719718,0.0554553724821204,0.20822080388056638,0.1874106180570788,-0.020810185823487592,0.5135503409854926,0.5089204058319932,-0.004629935153499409,0.5023981600074537,0.5325998585090413,0.030201698501587604
110,STRONG_STATE,471,0.5015396573862875,0.4994472146002389,-0.0020924427860485872,0.504202026676946,0.5184723934928026,0.014270366815856583,0.49909982712039447,0.5110391342556458,0.011939307135251376,0.4996591349430395,0.5006415356203282,0.0009824006772887195,0.5048048671747161,0.4909017978110809,-0.013903069363635168,0.508998171790928,0.5117931688683008,0.0027949970773728516,0.4985601508400169,0.5017027615693146,0.003142610729297668,0.5031326596499791,0.5794456421560292,0.07631298250605012,0.501327821101086,0.5084432212579774,0.007115400156891383,0.5045956466399129,0.5652333450979223,0.06063769845800948,0.4919069309133653,0.49076158205023573,-0.0011453488631295583,0.5001382516926253,0.49754444504646994,-0.0025938066461553277,0.48507084163009695,0.5110131034891877,0.025942261859090765,0.5009467454680416,0.501706707578565,0.0007599621105233156,0.501911242062713,0.6200222279738897,0.11811098591117675,0.4919117333614978,0.5182528233863546,0.026341090024856795,0.4925644133390857,0.48817658105127726,-0.004387832287808424,0.4941683204738894,0.4934018717464502,-0.0007664487274391951,0.5027288192062737,0.5167629630781175,0.014034143871843874,0.5040511764398083,0.4916603724081142,-0.012390804031694125,0.48894573822522197,0.4946528494079952,0.005707111182773228,0.20184757042648102,0.20303810312312484,0.0011905326966438201,0.20936976838123772,0.21860234074755086,0.009232572366313141,0.20293790904677722,0.2047227005026838,0.0017847914559065703,0.20647449871572648,0.21432848471865995,0.007853986002933466,0.201143904680493,0.21371995122331475,0.01257604654282174,0.495139328120393,0.4914517488546288,-0.0036875792657642403,0.49886506687474996,0.5100256923948152,0.011160625520065248,0.4957260719966183,0.5074867488230463,0.011760676826428063,0.4937471645968768,0.5134075957215182,0.019660431124641387,0.4976551656122791,0.5259254022634884,0.028270236651209257,0.510155533405755,0.4813732944855915,-0.028782238920163516,0.21110233018347657,0.1782381033824407,-0.03286422680103587,0.5100086661170394,0.5240182571211033,0.014009591004063848,0.5038932283786769,0.47502238501522814,-0.02887084336344875
